Date,Close,High,Low,Open,Volume,Last
2015-01-01 00:00:00+00:00,314,315,310.7,312.45,6138488,314
2015-01-02 00:00:00+00:00,315.25,318.3,314.35,314.35,9935094,315.25
2015-01-05 00:00:00+00:00,312.75,316.8,312.1,316.25,9136716,312.75
2015-01-06 00:00:00+00:00,299.9,311.1,298.7,310,15329257,299.9
2015-01-07 00:00:00+00:00,300.15,302.55,295.15,300,15046745,300.15
2015-01-08 00:00:00+00:00,304.85,306.5,302.35,305,8939749,304.85
2015-01-09 00:00:00+00:00,303.2,307.85,302,306.7,11953948,303.2
2015-01-12 00:00:00+00:00,307.1,307.8,301.1,304.15,8536142,307.1
2015-01-13 00:00:00+00:00,305.1,310.75,304.15,308.15,9484804,305.1
2015-01-14 00:00:00+00:00,304.7,307,302.25,304,8855660,304.7
2015-01-15 00:00:00+00:00,320.3,323.7,314,319.9,30729523,320.3
2015-01-16 00:00:00+00:00,315.45,320.3,313.1,320,21598514,315.45
2015-01-19 00:00:00+00:00,313.15,317.95,312.5,316.55,9975658,313.15
2015-01-20 00:00:00+00:00,318.15,319.8,314,314,13104643,318.15
2015-01-21 00:00:00+00:00,326.2,327.6,319,319.9,22617660,326.2
2015-01-22 00:00:00+00:00,324.65,327.6,321.8,326.9,12232626,324.65
2015-01-23 00:00:00+00:00,327.45,332.55,324.65,328.25,17127278,327.45
2015-01-26 00:00:00+00:00,327.45,327.45,327.45,327.45,0,327.45
2015-01-27 00:00:00+00:00,330.05,332.15,322.6,329.4,13734088,330.05
2015-01-28 00:00:00+00:00,334.6,336,328.2,330.4,19428852,334.6
2015-01-29 00:00:00+00:00,327,333.6,325.1,332.8,14911660,327
2015-01-30 00:00:00+00:00,308.95,330.5,307,328.7,30252827,308.95
2015-02-02 00:00:00+00:00,307.5,311.9,305.1,309.5,17639807,307.5
2015-02-03 00:00:00+00:00,300.3,312,299.05,312,23743882,300.3
2015-02-04 00:00:00+00:00,293.05,302.95,291.9,302.7,21477507,293.05
2015-02-05 00:00:00+00:00,290.8,297.8,289.2,293.15,15722348,290.8
2015-02-06 00:00:00+00:00,290.3,294.85,285.7,291,15985714,290.3
2015-02-09 00:00:00+00:00,279.5,292.8,278,289.5,17088719,279.5
2015-02-10 00:00:00+00:00,287.3,290.8,275.7,277.5,22589681,287.3
2015-02-11 00:00:00+00:00,285.95,293.5,283.7,290.8,17366588,285.95
2015-02-12 00:00:00+00:00,284.3,289,278.3,288.9,20957180,284.3
2015-02-13 00:00:00+00:00,306.95,307.95,285.35,288,70540056,306.95
2015-02-16 00:00:00+00:00,306.7,313.15,304.7,310.6,21372131,306.7
2015-02-17 00:00:00+00:00,306.7,306.7,306.7,306.7,0,306.7
2015-02-18 00:00:00+00:00,305.7,307.9,302,306.8,13472484,305.7
2015-02-19 00:00:00+00:00,302.35,307.3,296.8,306.1,17762135,302.35
2015-02-20 00:00:00+00:00,302.3,306.5,297.05,301.9,15792502,302.3
2015-02-23 00:00:00+00:00,296.55,304.6,294.4,303.2,12440505,296.55
2015-02-24 00:00:00+00:00,296.25,299,292.1,296.9,15046698,296.25
2015-02-25 00:00:00+00:00,295.55,300.65,295,299,12845169,295.55
2015-02-26 00:00:00+00:00,289.4,297,288.05,297,18707345,289.4
2015-02-27 00:00:00+00:00,299.9,301,290.1,291.25,18316053,299.9
2015-03-02 00:00:00+00:00,302,305.9,296.7,305.9,15085595,302
2015-03-03 00:00:00+00:00,302.6,305.4,299.7,303.5,14387971,302.6
2015-03-04 00:00:00+00:00,293.85,315,292,314,38674148,293.85
2015-03-05 00:00:00+00:00,293.8,296.25,289.75,294.75,16803823,293.8
2015-03-06 00:00:00+00:00,293.8,293.8,293.8,293.8,0,293.8
2015-03-09 00:00:00+00:00,290.65,294,288.7,292,13199803,290.65
2015-03-10 00:00:00+00:00,287.6,293.25,285.1,290.75,14064427,287.6
2015-03-11 00:00:00+00:00,285.15,290.9,283.75,288.55,16329314,285.15
2015-03-12 00:00:00+00:00,286.85,289.45,286.1,288.15,9969794,286.85
2015-03-13 00:00:00+00:00,280.75,291.05,280,290,13414248,280.75
2015-03-16 00:00:00+00:00,281.65,283.85,280,281.5,15132928,281.65
2015-03-17 00:00:00+00:00,283.1,284,279.5,283.9,11350496,283.1
2015-03-18 00:00:00+00:00,287.3,288.45,282,284.1,12394230,287.3
2015-03-19 00:00:00+00:00,281.6,290.3,280.6,290,11046649,281.6
2015-03-20 00:00:00+00:00,278.25,282.4,276.8,281.8,11482652,278.25
2015-03-23 00:00:00+00:00,274.75,280,273.55,279.4,13058026,274.75
2015-03-24 00:00:00+00:00,270.55,276.4,269,273.8,17585259,270.55
2015-03-25 00:00:00+00:00,265.4,272.1,265,271.9,15824629,265.4
2015-03-26 00:00:00+00:00,256.649,265.9,255.2,264.5,22253318,256.649
2015-03-27 00:00:00+00:00,263.6,264.95,256,259.85,19423101,263.6
2015-03-30 00:00:00+00:00,267.9,269.35,263.15,265.1,12303870,267.9
2015-03-31 00:00:00+00:00,267.05,271.35,266,268.9,19482636,267.05
2015-04-01 00:00:00+00:00,273.45,274.65,263.15,266.65,12383589,273.45
2015-04-02 00:00:00+00:00,273.45,273.45,273.45,273.45,0,273.45
2015-04-03 00:00:00+00:00,273.45,273.45,273.45,273.45,0,273.45
2015-04-06 00:00:00+00:00,274.65,275.75,271.2,275.45,12925445,274.65
2015-04-07 00:00:00+00:00,272.05,276.35,270.3,275.3,12933524,272.05
2015-04-08 00:00:00+00:00,273.9,277.35,271.85,271.9,9913899,273.9
2015-04-09 00:00:00+00:00,280.85,281.8,272.5,275,13471276,280.85
2015-04-10 00:00:00+00:00,285.75,287.35,280.05,281,16880558,285.75
2015-04-13 00:00:00+00:00,286.3,288.5,283.35,287.8,11985436,286.3
2015-04-14 00:00:00+00:00,286.3,286.3,286.3,286.3,0,286.3
2015-04-15 00:00:00+00:00,290,294.45,285.95,287.4,17289500,290
2015-04-16 00:00:00+00:00,292.4,294.25,286.5,290.25,15043998,292.4
2015-04-17 00:00:00+00:00,291.75,294.9,289.2,291,16819018,291.75
2015-04-20 00:00:00+00:00,287.65,293.35,284.85,291,13788536,287.65
2015-04-21 00:00:00+00:00,289.2,292,281.75,287.4,15487948,289.2
2015-04-22 00:00:00+00:00,283.85,293.25,275.4,290.55,17741741,283.85
2015-04-23 00:00:00+00:00,277.65,287.4,276.25,285,13874710,277.65
2015-04-24 00:00:00+00:00,275.55,279.6,274.35,278.35,10049508,275.55
2015-04-27 00:00:00+00:00,267.05,276.55,266.1,276.55,12394191,267.05
2015-04-28 00:00:00+00:00,272.5,273.5,265.15,267,12693457,272.5
2015-04-29 00:00:00+00:00,271.9,273.4,269.55,272.25,8217676,271.9
2015-04-30 00:00:00+00:00,269.75,273.45,266.7,270.1,21635216,269.75
2015-05-01 00:00:00+00:00,269.75,269.75,269.75,269.75,0,269.75
2015-05-04 00:00:00+00:00,277.15,278,271.65,274,8012690,277.15
2015-05-05 00:00:00+00:00,272.05,277,271.35,277,7102772,272.05
2015-05-06 00:00:00+00:00,265.4,273.6,263.25,271.45,16335660,265.4
2015-05-07 00:00:00+00:00,260.95,267.25,259.649,264,15962706,260.95
2015-05-08 00:00:00+00:00,261.95,268,260.3,264,14044596,261.95
2015-05-11 00:00:00+00:00,276.05,277.2,262.6,263.4,17198308,276.05
2015-05-12 00:00:00+00:00,267.4,275.4,266.35,275.3,12792368,267.4
2015-05-13 00:00:00+00:00,274.3,275,268.05,269.9,9245732,274.3
2015-05-14 00:00:00+00:00,280.95,281.9,272.95,274,13101418,280.95
2015-05-15 00:00:00+00:00,287.45,288.35,282,282,18247889,287.45
2015-05-18 00:00:00+00:00,289.75,290,285.4,289.9,13266119,289.75
2015-05-19 00:00:00+00:00,288.45,291.35,286.2,289.2,14541041,288.45
2015-05-20 00:00:00+00:00,292.6,294.8,289.25,289.5,11807544,292.6
2015-05-21 00:00:00+00:00,290.25,294.75,288.45,294,12118415,290.25
2015-05-22 00:00:00+00:00,282.45,305,280.75,293,69490117,282.45
2015-05-25 00:00:00+00:00,277.65,284.3,276.15,280.2,20356833,277.65
2015-05-26 00:00:00+00:00,277.15,280.8,276,279,9675703,277.15
2015-05-27 00:00:00+00:00,280.75,281.6,274.2,277,12176680,280.75
2015-05-28 00:00:00+00:00,277.6,279.8,276.1,279.8,13024987,277.6
2015-05-29 00:00:00+00:00,278.15,281.65,277.1,278.65,14809918,278.15
2015-06-01 00:00:00+00:00,278.2,282,277.55,278.65,11567692,278.2
2015-06-02 00:00:00+00:00,266.25,279.45,265.35,278.8,21653784,266.25
2015-06-03 00:00:00+00:00,257.399,267.3,255.05,267,25967877,257.399
2015-06-04 00:00:00+00:00,257.6,261.399,253.75,259.899,20210546,257.6
2015-06-05 00:00:00+00:00,257.8,262,255.6,257,13539638,257.8
2015-06-08 00:00:00+00:00,254.95,258.75,252.55,258.75,17384700,254.95
2015-06-09 00:00:00+00:00,257.6,258.3,254,255,15275972,257.6
2015-06-10 00:00:00+00:00,260.6,262.55,258.5,259,10910978,260.6
2015-06-11 00:00:00+00:00,254,262.95,252.65,262.25,20857622,254
2015-06-12 00:00:00+00:00,253.95,255.5,251.8,254.05,11440479,253.95
2015-06-15 00:00:00+00:00,250.25,255.6,248.85,255,13545280,250.25
2015-06-16 00:00:00+00:00,254.6,255.75,249,250.25,9896598,254.6
2015-06-17 00:00:00+00:00,255.1,256.899,253.5,256,11241061,255.1
2015-06-18 00:00:00+00:00,258.1,260.7,255.2,256.45,11598549,258.1
2015-06-19 00:00:00+00:00,260.149,263.1,258.149,259.899,12216399,260.149
2015-06-22 00:00:00+00:00,266,267.4,260.8,260.899,11051382,266
2015-06-23 00:00:00+00:00,267.75,271.2,266.25,269.4,16180083,267.75
2015-06-24 00:00:00+00:00,262.35,267.9,260.5,267.7,8361760,262.35
2015-06-25 00:00:00+00:00,264.8,266,259.05,261.25,16506503,264.8
2015-06-26 00:00:00+00:00,265.2,266.9,261.05,264.1,14588452,265.2
2015-06-29 00:00:00+00:00,259.649,260.8,255,258.75,15040805,259.649
2015-06-30 00:00:00+00:00,262.75,263.35,257.6,259.25,14181965,262.75
2015-07-01 00:00:00+00:00,267.75,269.5,262.55,263.1,12072024,267.75
2015-07-02 00:00:00+00:00,267.85,271.25,266.1,267.9,8741783,267.85
2015-07-03 00:00:00+00:00,269.4,270,266.8,267.35,7238541,269.4
2015-07-06 00:00:00+00:00,270.8,271.5,262,263.2,9458200,270.8
2015-07-07 00:00:00+00:00,272.9,274.65,270,270.4,12523410,272.9
2015-07-08 00:00:00+00:00,267.35,271,265.6,269.9,12669850,267.35
2015-07-09 00:00:00+00:00,267.75,271.3,267,267,6469504,267.75
2015-07-10 00:00:00+00:00,270.55,271,266.25,270.25,8788162,270.55
2015-07-13 00:00:00+00:00,273.7,274.35,267.9,272,8423083,273.7
2015-07-14 00:00:00+00:00,268.2,273.6,267.15,273.6,10337307,268.2
2015-07-15 00:00:00+00:00,268.05,271.7,267.15,268.75,7483918,268.05
2015-07-16 00:00:00+00:00,272.2,272.75,268.1,269.75,8354120,272.2
2015-07-17 00:00:00+00:00,271.1,274,270.5,272.4,5571891,271.1
2015-07-20 00:00:00+00:00,267.45,272,266.15,272,6418930,267.45
2015-07-21 00:00:00+00:00,264.3,269.8,263.5,267,5638653,264.3
2015-07-22 00:00:00+00:00,268.55,269.4,261.899,263.7,11322177,268.55
2015-07-23 00:00:00+00:00,270.05,272,267.25,268.5,6376216,270.05
2015-07-24 00:00:00+00:00,263.25,270.35,262.1,268.7,7796401,263.25
2015-07-27 00:00:00+00:00,258.45,263.4,258.05,263.2,6788558,258.45
2015-07-28 00:00:00+00:00,259.2,263.9,258.35,260.25,10788886,259.2
2015-07-29 00:00:00+00:00,253.6,260.7,252.3,260,9997136,253.6
2015-07-30 00:00:00+00:00,256.8,259.5,253.6,253.6,10536937,256.8
2015-07-31 00:00:00+00:00,270.05,273.75,257.55,258,20534806,270.05
2015-08-03 00:00:00+00:00,281.05,283,269.9,270,21901780,281.05
2015-08-04 00:00:00+00:00,288.6,289.95,276.4,282.5,28858887,288.6
2015-08-05 00:00:00+00:00,285.4,291.8,284.25,289.1,10169558,285.4
2015-08-06 00:00:00+00:00,289.05,290.8,282,285.6,15372143,289.05
2015-08-07 00:00:00+00:00,281.3,288.5,280.2,288.5,13845614,281.3
2015-08-10 00:00:00+00:00,282.75,286,280.1,282.05,14694901,282.75
2015-08-11 00:00:00+00:00,268.8,289.45,267.5,285.8,39233644,268.8
2015-08-12 00:00:00+00:00,256.35,267.45,255.05,267.45,29724325,256.35
2015-08-13 00:00:00+00:00,259.3,262.85,258.149,259.75,16360033,259.3
2015-08-14 00:00:00+00:00,268.5,269.4,259.25,261.899,14852873,268.5
2015-08-17 00:00:00+00:00,279.75,281.9,270.8,272,27500063,279.75
2015-08-18 00:00:00+00:00,284.8,288,275.55,280.8,27728824,284.8
2015-08-19 00:00:00+00:00,278,285.95,275.55,283.9,15452575,278
2015-08-20 00:00:00+00:00,270.55,281.65,268,277.65,14577599,270.55
2015-08-21 00:00:00+00:00,267.5,268.9,256.2,261.5,19030056,267.5
2015-08-24 00:00:00+00:00,245.4,257.7,242.4,254.7,29561705,245.4
2015-08-25 00:00:00+00:00,253.35,254.8,240,250,23492839,253.35
2015-08-26 00:00:00+00:00,245.7,253.3,245,252.5,16325529,245.7
2015-08-27 00:00:00+00:00,249.45,252,248.1,251.15,21076926,249.45
2015-08-28 00:00:00+00:00,248.95,255.9,247.45,254.5,16644381,248.95
2015-08-31 00:00:00+00:00,247.35,251.35,245,249,21645114,247.35
2015-09-01 00:00:00+00:00,239.1,244.85,237.7,244.85,19689080,239.1
2015-09-02 00:00:00+00:00,230.55,243,230.1,242.65,23655457,230.55
2015-09-03 00:00:00+00:00,232.25,235.4,231,232.65,14680299,232.25
2015-09-04 00:00:00+00:00,225.15,231.9,224,231.9,20466346,225.15
2015-09-07 00:00:00+00:00,221.1,227.5,220.15,227.1,15424783,221.1
2015-09-08 00:00:00+00:00,228.35,230.25,221.15,223,16189253,228.35
2015-09-09 00:00:00+00:00,231.65,234.5,229.1,233.95,18237115,231.65
2015-09-10 00:00:00+00:00,227.45,229.8,224.1,227.35,14195882,227.45
2015-09-11 00:00:00+00:00,230.1,233.3,228,230.9,13650937,230.1
2015-09-14 00:00:00+00:00,235.25,236,230,231.55,10671222,235.25
2015-09-15 00:00:00+00:00,234,238.45,232.65,235.2,13193410,234
2015-09-16 00:00:00+00:00,236.8,237.75,235,236.4,11272509,236.8
2015-09-17 00:00:00+00:00,236.8,236.8,236.8,236.8,0,236.8
2015-09-18 00:00:00+00:00,242,246.45,239.5,240,16049395,242
2015-09-21 00:00:00+00:00,245.25,246,237.25,239.55,9602436,245.25
2015-09-22 00:00:00+00:00,237.95,248.45,236.25,247.95,13667322,237.95
2015-09-23 00:00:00+00:00,239.85,241.9,233.6,235,13614082,239.85
2015-09-24 00:00:00+00:00,239.05,241.45,238.05,239.45,9299508,239.05
2015-09-25 00:00:00+00:00,239.05,239.05,239.05,239.05,0,239.05
2015-09-28 00:00:00+00:00,239.45,243.65,238.65,241,8588230,239.45
2015-09-29 00:00:00+00:00,241.9,245.4,232.2,236,24488685,241.9
2015-09-30 00:00:00+00:00,237.15,245.4,235.7,244.85,17011911,237.15
2015-10-01 00:00:00+00:00,235.15,241.9,234.4,241.2,11590498,235.15
2015-10-02 00:00:00+00:00,235.15,235.15,235.15,235.15,0,235.15
2015-10-05 00:00:00+00:00,240,241.35,237.25,238.1,18307463,240
2015-10-06 00:00:00+00:00,240.1,242.8,237.7,242.7,10087077,240.1
2015-10-07 00:00:00+00:00,243.55,244.25,239.05,240.15,10608795,243.55
2015-10-08 00:00:00+00:00,243.3,245.2,241.1,242.45,9230511,243.3
2015-10-09 00:00:00+00:00,243.45,247.8,240.65,245.5,12171416,243.45
2015-10-12 00:00:00+00:00,244.55,245.65,241.3,244.1,7566962,244.55
2015-10-13 00:00:00+00:00,243.8,247.5,242.05,244,10200698,243.8
2015-10-14 00:00:00+00:00,244.25,246.8,243.2,243.7,7895820,244.25
2015-10-15 00:00:00+00:00,248.95,249.9,245.5,246,11582401,248.95
2015-10-16 00:00:00+00:00,254.85,257.149,248.35,249.85,11738832,254.85
2015-10-19 00:00:00+00:00,254.5,257.1,253.5,256.649,8969153,254.5
2015-10-20 00:00:00+00:00,254.85,257.1,253.2,254.5,8811740,254.85
2015-10-21 00:00:00+00:00,249.8,255.9,248.55,254,8606466,249.8
2015-10-22 00:00:00+00:00,249.8,249.8,249.8,249.8,0,249.8
2015-10-23 00:00:00+00:00,253.4,254.85,252,253,7544810,253.4
2015-10-26 00:00:00+00:00,251.25,256,250.35,254.75,13085058,251.25
2015-10-27 00:00:00+00:00,248.8,252.2,248.1,250.1,6565348,248.8
2015-10-28 00:00:00+00:00,242.05,249.45,241.2,248,12310403,242.05
2015-10-29 00:00:00+00:00,236.95,241.8,236.45,241.5,16114932,236.95
2015-10-30 00:00:00+00:00,237.05,240.4,235.1,238.7,8669606,237.05
2015-11-02 00:00:00+00:00,236.9,238,232.7,238,7611610,236.9
2015-11-03 00:00:00+00:00,235.95,239.7,235,239.35,8323201,235.95
2015-11-04 00:00:00+00:00,239,240.5,237,239.2,8418352,239
2015-11-05 00:00:00+00:00,233.9,239,233.1,238,8906564,233.9
2015-11-06 00:00:00+00:00,243,244.8,233,235.6,30821077,243
2015-11-09 00:00:00+00:00,246.1,248.3,235.6,236,22806485,246.1
2015-11-10 00:00:00+00:00,241.2,247.25,240.1,244.9,11767845,241.2
2015-11-11 00:00:00+00:00,243.15,244.25,242.55,243,2061681,243.15
2015-11-12 00:00:00+00:00,243.15,243.15,243.15,243.15,0,243.15
2015-11-13 00:00:00+00:00,240.25,241.8,237.7,241.5,9082062,240.25
2015-11-16 00:00:00+00:00,248.3,249.35,239.1,239.5,14051479,248.3
2015-11-17 00:00:00+00:00,247.85,251.65,246.7,250,11273394,247.85
2015-11-18 00:00:00+00:00,241,248.7,239.45,247.6,10397889,241
2015-11-19 00:00:00+00:00,243.9,245,241.4,243.05,7325199,243.9
2015-11-20 00:00:00+00:00,242.95,249.9,242,243.95,13718619,242.95
2015-11-23 00:00:00+00:00,242.7,245.25,240.55,243.9,10552151,242.7
2015-11-24 00:00:00+00:00,241.4,244,240.6,242.5,6651669,241.4
2015-11-25 00:00:00+00:00,241.4,241.4,241.4,241.4,0,241.4
2015-11-26 00:00:00+00:00,242.5,244.9,241,241.95,13629888,242.5
2015-11-27 00:00:00+00:00,249.7,250.5,242.8,243,15149912,249.7
2015-11-30 00:00:00+00:00,250.2,253,245,249.65,12865469,250.2
2015-12-01 00:00:00+00:00,250.2,251.9,249.3,250.85,9501537,250.2
2015-12-02 00:00:00+00:00,244.6,250.65,243.75,250.55,10881754,244.6
2015-12-03 00:00:00+00:00,241.1,244.5,240.4,244.15,7155630,241.1
2015-12-04 00:00:00+00:00,241.1,242.15,238.05,240,11115170,241.1
2015-12-07 00:00:00+00:00,238.65,242.95,238,242.95,7531729,238.65
2015-12-08 00:00:00+00:00,235.95,239.95,235.3,238.1,8254434,235.95
2015-12-09 00:00:00+00:00,234.4,238.2,233.6,235.4,7408777,234.4
2015-12-10 00:00:00+00:00,231.95,236.75,230.6,236,11713559,231.95
2015-12-11 00:00:00+00:00,227.3,233.9,225.1,232.9,12872949,227.3
2015-12-14 00:00:00+00:00,225.95,227.7,224,224.9,12464883,225.95
2015-12-15 00:00:00+00:00,226.4,227.15,224,227,10404430,226.4
2015-12-16 00:00:00+00:00,227.3,229.6,225.25,227.75,13030720,227.3
2015-12-17 00:00:00+00:00,230.9,232.4,228.5,230,14539096,230.9
2015-12-18 00:00:00+00:00,226.5,232.35,225.8,229.95,18871084,226.5
2015-12-21 00:00:00+00:00,230.45,231,226.5,226.9,9557098,230.45
2015-12-22 00:00:00+00:00,228.35,232.25,227.5,231.65,9155574,228.35
2015-12-23 00:00:00+00:00,229.65,231,228.9,230.25,7914311,229.65
2015-12-24 00:00:00+00:00,228.3,231,227.6,230.85,7257958,228.3
2015-12-25 00:00:00+00:00,228.3,228.3,228.3,228.3,0,228.3
2015-12-28 00:00:00+00:00,228.9,229.95,228,229.05,8756879,228.9
2015-12-29 00:00:00+00:00,228.2,229.95,227.5,228.85,7263286,228.2
2015-12-30 00:00:00+00:00,225.8,229.7,224.85,229,11702877,225.8
2015-12-31 00:00:00+00:00,224.45,226.55,224,225.95,11558305,224.45
2016-01-01 00:00:00+00:00,227.8,228.9,224.5,225,6449426,227.8
2016-01-04 00:00:00+00:00,220.7,226.95,220.05,226.95,14092071,220.7
2016-01-05 00:00:00+00:00,217.75,222.8,217,222.8,15074848,217.75
2016-01-06 00:00:00+00:00,216.85,219.9,216.4,217.9,11921123,216.85
2016-01-07 00:00:00+00:00,209.55,214.1,209,214,14342279,209.55
2016-01-08 00:00:00+00:00,208.95,212.5,208.6,212,11745840,208.95
2016-01-11 00:00:00+00:00,204.3,207.5,202.65,206.8,19287860,204.3
2016-01-12 00:00:00+00:00,199.4,205,198.6,204.85,20318816,199.4
2016-01-13 00:00:00+00:00,200.9,202.4,194,201.35,23788247,200.9
2016-01-14 00:00:00+00:00,196.05,201.5,194.3,197,20256636,196.05
2016-01-15 00:00:00+00:00,184.3,197.8,181,197.8,29090426,184.3
2016-01-18 00:00:00+00:00,181,188.15,179.15,184.9,35653244,181
2016-01-19 00:00:00+00:00,182.95,187.8,181.5,182.15,24501774,182.95
2016-01-20 00:00:00+00:00,173.65,180.65,171.5,180.65,28655794,173.65
2016-01-21 00:00:00+00:00,175.6,178.65,172.05,177,28697205,175.6
2016-01-22 00:00:00+00:00,184.6,185.4,178.3,179.9,21432409,184.6
2016-01-25 00:00:00+00:00,182.95,188.8,182.5,187.9,17534650,182.95
2016-01-26 00:00:00+00:00,182.95,182.95,182.95,182.95,0,182.95
2016-01-27 00:00:00+00:00,184.4,186.2,181.05,184.4,16569813,184.4
2016-01-28 00:00:00+00:00,185.25,185.9,182.5,184.2,20241030,185.25
2016-01-29 00:00:00+00:00,179.9,185.75,178.1,184.2,24259147,179.9
2016-02-01 00:00:00+00:00,172.75,181.95,172.1,181.95,22915269,172.75
2016-02-02 00:00:00+00:00,169.4,177.4,168.6,173.1,35957332,169.4
2016-02-03 00:00:00+00:00,166.05,167.8,163.25,167.8,24132003,166.05
2016-02-04 00:00:00+00:00,162.85,169.8,160.2,169.3,23811109,162.85
2016-02-05 00:00:00+00:00,168.2,169.3,162.2,163.7,22732245,168.2
2016-02-08 00:00:00+00:00,172.15,176.9,168.55,169.45,22289005,172.15
2016-02-09 00:00:00+00:00,167.05,172.4,166.1,168,19008384,167.05
2016-02-10 00:00:00+00:00,159,166.2,158,165,32294785,159
2016-02-11 00:00:00+00:00,154.25,167.5,152.2,159.5,72749830,154.25
2016-02-12 00:00:00+00:00,154.8,157.65,148.25,156.15,41187889,154.8
2016-02-15 00:00:00+00:00,167.85,170,158,159,35956266,167.85
2016-02-16 00:00:00+00:00,156.4,170.75,155.65,170.75,33816243,156.4
2016-02-17 00:00:00+00:00,158.95,159.85,151.25,155,32447698,158.95
2016-02-18 00:00:00+00:00,159.8,163.7,156.4,161.95,21024178,159.8
2016-02-19 00:00:00+00:00,164.7,165.3,157.1,157.9,24592575,164.7
2016-02-22 00:00:00+00:00,164.95,166.8,163.7,165.95,15815058,164.95
2016-02-23 00:00:00+00:00,158.5,165,158,165,20200068,158.5
2016-02-24 00:00:00+00:00,156.3,160.7,155.3,156,19440950,156.3
2016-02-25 00:00:00+00:00,151.8,158.1,151,157.6,22713124,151.8
2016-02-26 00:00:00+00:00,155.9,158.7,152.55,155.5,30051402,155.9
2016-02-29 00:00:00+00:00,158.75,163.9,153,158.2,66981910,158.75
2016-03-01 00:00:00+00:00,162.05,162.9,158.55,160.5,23588231,162.05
2016-03-02 00:00:00+00:00,181.15,183.2,172.5,172.5,53333757,181.15
2016-03-03 00:00:00+00:00,182.75,184.6,178.5,184,33507048,182.75
2016-03-04 00:00:00+00:00,188.4,189.85,178.5,183.4,38860711,188.4
2016-03-07 00:00:00+00:00,188.4,188.4,188.4,188.4,0,188.4
2016-03-08 00:00:00+00:00,183.35,186.95,181.4,186.95,27928279,183.35
2016-03-09 00:00:00+00:00,183.4,184,178.7,180,29453018,183.4
2016-03-10 00:00:00+00:00,180.5,184.75,179.4,184.75,20472928,180.5
2016-03-11 00:00:00+00:00,180.1,182.65,177.55,180,21869157,180.1
2016-03-14 00:00:00+00:00,181.75,183.4,180.7,182.45,14369755,181.75
2016-03-15 00:00:00+00:00,185.3,186.2,181.65,181.65,22369600,185.3
2016-03-16 00:00:00+00:00,185.2,185.9,181.6,185,19237834,185.2
2016-03-17 00:00:00+00:00,186.35,189.3,185,188,21560986,186.35
2016-03-18 00:00:00+00:00,191.25,192,186,186.85,21144216,191.25
2016-03-21 00:00:00+00:00,196.8,197.3,193,193,20678069,196.8
2016-03-22 00:00:00+00:00,197.5,198.25,194.5,196.8,16728809,197.5
2016-03-23 00:00:00+00:00,196.6,197.6,195.3,196.9,13362780,196.6
2016-03-24 00:00:00+00:00,196.6,196.6,196.6,196.6,0,196.6
2016-03-25 00:00:00+00:00,196.6,196.6,196.6,196.6,0,196.6
2016-03-28 00:00:00+00:00,188.3,198.25,187.65,195.8,19760603,188.3
2016-03-29 00:00:00+00:00,189.5,191.25,186.65,188.5,16804848,189.5
2016-03-30 00:00:00+00:00,197.55,198.3,190.5,192.25,20709407,197.55
2016-03-31 00:00:00+00:00,194.25,198.75,192.35,197.85,30132473,194.25
2016-04-01 00:00:00+00:00,195.65,197.25,192,193.7,21752206,195.65
2016-04-04 00:00:00+00:00,194.7,197.45,192.55,197.3,15732565,194.7
2016-04-05 00:00:00+00:00,184.35,194.55,183.3,193.9,36635637,184.35
2016-04-06 00:00:00+00:00,183.85,185.5,182.2,185,16350631,183.85
2016-04-07 00:00:00+00:00,181.95,185.65,181,183.8,19430601,181.95
2016-04-08 00:00:00+00:00,183.1,183.95,180.2,181.65,15805231,183.1
2016-04-11 00:00:00+00:00,188.25,188.9,182,183.85,18990364,188.25
2016-04-12 00:00:00+00:00,187.8,190.25,186.3,188.5,14563344,187.8
2016-04-13 00:00:00+00:00,191.9,193.8,190.8,191.55,17573045,191.9
2016-04-14 00:00:00+00:00,191.9,191.9,191.9,191.9,0,191.9
2016-04-15 00:00:00+00:00,191.9,191.9,191.9,191.9,0,191.9
2016-04-18 00:00:00+00:00,186.75,191.5,185.6,191.45,13985439,186.75
2016-04-19 00:00:00+00:00,186.75,186.75,186.75,186.75,0,186.75
2016-04-20 00:00:00+00:00,187.3,188.65,184.1,188.35,20163005,187.3
2016-04-21 00:00:00+00:00,194.35,197.4,190,190.5,31008152,194.35
2016-04-22 00:00:00+00:00,200.15,201.5,191.55,193.6,34049763,200.15
2016-04-25 00:00:00+00:00,197.05,202.55,195.8,200.95,23835613,197.05
2016-04-26 00:00:00+00:00,200.95,201.4,194.55,195.95,21809451,200.95
2016-04-27 00:00:00+00:00,196.15,200.9,195.5,200.9,22801603,196.15
2016-04-28 00:00:00+00:00,192.05,198.2,191.2,196.75,24555479,192.05
2016-04-29 00:00:00+00:00,189,194,186.45,191.9,21021661,189
2016-05-02 00:00:00+00:00,186,188.45,185.5,187.6,14469844,186
2016-05-03 00:00:00+00:00,184.05,189.35,183.65,187,16247931,184.05
2016-05-04 00:00:00+00:00,179.95,184.4,179.15,183.5,17826594,179.95
2016-05-05 00:00:00+00:00,180.35,182.7,178.5,180.25,17742028,180.35
2016-05-06 00:00:00+00:00,184.35,184.95,180.1,180.95,18336962,184.35
2016-05-09 00:00:00+00:00,188.7,189.4,185.05,186.5,13863696,188.7
2016-05-10 00:00:00+00:00,189.5,190.3,186.7,187.6,13845979,189.5
2016-05-11 00:00:00+00:00,185,188.5,184.1,185.4,18128414,185
2016-05-12 00:00:00+00:00,188.5,189.5,185.4,187.1,17398341,188.5
2016-05-13 00:00:00+00:00,184.85,187.95,184.3,187.95,15546644,184.85
2016-05-16 00:00:00+00:00,176.8,185,175.15,185,30937008,176.8
2016-05-17 00:00:00+00:00,176.85,178.6,175.25,178.5,22183140,176.85
2016-05-18 00:00:00+00:00,179.95,180.45,173.55,176.9,25345278,179.95
2016-05-19 00:00:00+00:00,172.7,181,171.9,181,25480517,172.7
2016-05-20 00:00:00+00:00,171.35,174.7,170.55,173.5,16720624,171.35
2016-05-23 00:00:00+00:00,168.4,172.7,168.2,172.3,16193112,168.4
2016-05-24 00:00:00+00:00,169.5,170.4,166.4,168.8,14816798,169.5
2016-05-25 00:00:00+00:00,175.1,175.8,171.45,171.5,18900887,175.1
2016-05-26 00:00:00+00:00,184.15,185.5,173.5,175.1,30700988,184.15
2016-05-27 00:00:00+00:00,195.9,202.4,181.5,184,85585820,195.9
2016-05-30 00:00:00+00:00,198.85,203.9,194.6,200.2,46075949,198.85
2016-05-31 00:00:00+00:00,204.95,205.7,196.2,198.8,39457647,204.95
2016-06-01 00:00:00+00:00,198.25,208.3,196.6,205.95,41868032,198.25
2016-06-02 00:00:00+00:00,200.55,202.3,195.55,197.85,23499884,200.55
2016-06-03 00:00:00+00:00,196.6,202.15,195.4,201,24568749,196.6
2016-06-06 00:00:00+00:00,198.9,202.6,197.1,197.45,23623536,198.9
2016-06-07 00:00:00+00:00,210.15,211.15,200.15,200.45,66063192,210.15
2016-06-08 00:00:00+00:00,210.7,211.9,207.55,210.15,35163093,210.7
2016-06-09 00:00:00+00:00,209.95,212.8,208.3,210,27858182,209.95
2016-06-10 00:00:00+00:00,205.95,211.5,205.3,209.35,25598224,205.95
2016-06-13 00:00:00+00:00,201.8,202.6,200.2,201.5,21192525,201.8
2016-06-14 00:00:00+00:00,207.7,208.6,203.8,204.35,23918910,207.7
2016-06-15 00:00:00+00:00,216.05,217.55,208.55,209.75,48362742,216.05
2016-06-16 00:00:00+00:00,216,218.5,213.05,216,48122379,216
2016-06-17 00:00:00+00:00,213.45,217.5,211.6,216.75,26486677,213.45
2016-06-20 00:00:00+00:00,215.9,216.7,207.9,208,32633757,215.9
2016-06-21 00:00:00+00:00,214,217.5,213.15,215,18960306,214
2016-06-22 00:00:00+00:00,212.9,215.25,211.45,214,16395548,212.9
2016-06-23 00:00:00+00:00,217.55,218,212.75,213,20666649,217.55
2016-06-24 00:00:00+00:00,211.25,212.35,202.5,205.9,47224652,211.25
2016-06-27 00:00:00+00:00,217.15,218.85,210.55,210.8,29021651,217.15
2016-06-28 00:00:00+00:00,215.9,218.65,215.4,216.75,21784062,215.9
2016-06-29 00:00:00+00:00,217.2,218.8,216.1,217.9,18019568,217.2
2016-06-30 00:00:00+00:00,218.8,221.9,217.9,220,30600995,218.8
2016-07-01 00:00:00+00:00,219.6,221,218.9,220.8,15346865,219.6
2016-07-04 00:00:00+00:00,223,224.35,222,222.35,16534518,223
2016-07-05 00:00:00+00:00,223.5,225.15,221.55,223.25,15357018,223.5
2016-07-06 00:00:00+00:00,223.5,223.5,223.5,223.5,0,223.5
2016-07-07 00:00:00+00:00,220.05,224.6,219.35,223.9,12917872,220.05
2016-07-08 00:00:00+00:00,218.3,220.85,216.5,220.15,16017389,218.3
2016-07-11 00:00:00+00:00,224.7,225.45,222,223.6,15831791,224.7
2016-07-12 00:00:00+00:00,226.7,227.2,224.15,225,19374179,226.7
2016-07-13 00:00:00+00:00,227.7,228.5,223.95,227,18377333,227.7
2016-07-14 00:00:00+00:00,232,232.85,226,227,21208021,232
2016-07-15 00:00:00+00:00,231.5,234.4,230.8,232.9,15068302,231.5
2016-07-18 00:00:00+00:00,228.75,233.85,228.2,232.4,11816985,228.75
2016-07-19 00:00:00+00:00,229.6,232.15,227,230,19767339,229.6
2016-07-20 00:00:00+00:00,231.15,232.75,229.2,230.65,18051608,231.15
2016-07-21 00:00:00+00:00,225.65,232.1,224.4,231.65,13306837,225.65
2016-07-22 00:00:00+00:00,223.5,225.9,222.1,225.4,12341622,223.5
2016-07-25 00:00:00+00:00,229.9,231,222.7,223,18427070,229.9
2016-07-26 00:00:00+00:00,226.7,232.2,225.9,230,14162638,226.7
2016-07-27 00:00:00+00:00,229.25,231,226.8,227.75,17626617,229.25
2016-07-28 00:00:00+00:00,231,235.15,229.3,230.15,26838284,231
2016-07-29 00:00:00+00:00,229.4,232.7,228.4,230,15577230,229.4
2016-08-01 00:00:00+00:00,227.3,232.65,225.3,230.8,16071228,227.3
2016-08-02 00:00:00+00:00,228.05,230.9,227.3,229.3,16145066,228.05
2016-08-03 00:00:00+00:00,226.65,230.5,225.8,228.5,14838944,226.65
2016-08-04 00:00:00+00:00,225.65,228.7,223.2,228.45,17810908,225.65
2016-08-05 00:00:00+00:00,232.75,233.9,226.9,227.35,21264296,232.75
2016-08-08 00:00:00+00:00,233.25,235.9,231.7,233.95,16972827,233.25
2016-08-09 00:00:00+00:00,235.15,238,232.65,234.25,19854185,235.15
2016-08-10 00:00:00+00:00,231.5,236.9,231.05,236.75,16279843,231.5
2016-08-11 00:00:00+00:00,227.15,231.6,226.1,231.5,16673286,227.15
2016-08-12 00:00:00+00:00,243.3,247.95,224.4,227,86616475,243.3
2016-08-15 00:00:00+00:00,243.3,243.3,243.3,243.3,0,243.3
2016-08-16 00:00:00+00:00,246.75,247.9,242.65,245.25,27709873,246.75
2016-08-17 00:00:00+00:00,246.25,249.8,244.3,246.45,18294050,246.25
2016-08-18 00:00:00+00:00,248.4,250.4,246.55,246.9,14314950,248.4
2016-08-19 00:00:00+00:00,258.5,260,253.5,255,39822529,258.5
2016-08-22 00:00:00+00:00,254.8,260.399,254,259.8,19769886,254.8
2016-08-23 00:00:00+00:00,254.75,255.8,251,254.9,17583721,254.75
2016-08-24 00:00:00+00:00,254.4,256.2,253.5,254.95,11560293,254.4
2016-08-25 00:00:00+00:00,250.15,255.55,248.6,254.9,21230706,250.15
2016-08-26 00:00:00+00:00,246.6,250.7,245.85,250.3,16531983,246.6
2016-08-29 00:00:00+00:00,249.05,249.85,244.25,245.85,11786129,249.05
2016-08-30 00:00:00+00:00,252.25,252.9,249.8,250.15,15323228,252.25
2016-08-31 00:00:00+00:00,252.5,255.8,251.2,253.25,15601566,252.5
2016-09-01 00:00:00+00:00,252,254.85,251.15,251.95,12175873,252
2016-09-02 00:00:00+00:00,254.6,255.2,251.65,252,11380257,254.6
2016-09-05 00:00:00+00:00,254.6,254.6,254.6,254.6,0,254.6
2016-09-06 00:00:00+00:00,260.1,261.5,256,257.2,16620963,260.1
2016-09-07 00:00:00+00:00,266.8,270.3,260.399,262.9,30862337,266.8
2016-09-08 00:00:00+00:00,268.35,271.6,266.9,268,14339143,268.35
2016-09-09 00:00:00+00:00,264.1,268.4,263.35,268.4,11455826,264.1
2016-09-12 00:00:00+00:00,252.75,258.75,251.8,257.5,18989750,252.75
2016-09-13 00:00:00+00:00,252.75,252.75,252.75,252.75,0,252.75
2016-09-14 00:00:00+00:00,257.55,258,253,255,12754966,257.55
2016-09-15 00:00:00+00:00,256,258.35,254.2,258.35,7783662,256
2016-09-16 00:00:00+00:00,254.3,262,253.4,257.95,18013477,254.3
2016-09-19 00:00:00+00:00,255.65,258.3,255.2,256,11433295,255.65
2016-09-20 00:00:00+00:00,254.45,256.399,253.65,256.399,9914599,254.45
2016-09-21 00:00:00+00:00,251.15,256.25,250.65,254.5,12817180,251.15
2016-09-22 00:00:00+00:00,257.899,258.45,255.1,257.899,20797370,257.899
2016-09-23 00:00:00+00:00,254.55,258.8,253.8,258.8,12730223,254.55
2016-09-26 00:00:00+00:00,251.65,254.45,250.65,253.95,8800173,251.65
2016-09-27 00:00:00+00:00,249,253.9,248.3,253.15,11345387,249
2016-09-28 00:00:00+00:00,253.75,255.8,248.05,250,17277539,253.75
2016-09-29 00:00:00+00:00,247.25,256.75,243.5,255,27870695,247.25
2016-09-30 00:00:00+00:00,251.25,252.5,245.8,246.85,14826293,251.25
2016-10-03 00:00:00+00:00,255.3,256.649,252.65,253,9314647,255.3
2016-10-04 00:00:00+00:00,259.75,262,253.8,255.8,21532806,259.75
2016-10-05 00:00:00+00:00,260.85,264.9,259.55,262,20868556,260.85
2016-10-06 00:00:00+00:00,256.8,262,255.65,261.35,11081154,256.8
2016-10-07 00:00:00+00:00,258.7,259.899,255.25,257.25,11934100,258.7
2016-10-10 00:00:00+00:00,256.6,260.3,256.05,259.35,9399844,256.6
2016-10-11 00:00:00+00:00,256.6,256.6,256.6,256.6,0,256.6
2016-10-12 00:00:00+00:00,256.6,256.6,256.6,256.6,0,256.6
2016-10-13 00:00:00+00:00,249.65,255.35,245.85,254.95,18050638,249.65
2016-10-14 00:00:00+00:00,252.1,253.55,249.1,251,12133951,252.1
2016-10-17 00:00:00+00:00,253.2,256.45,252,253.75,16865537,253.2
2016-10-18 00:00:00+00:00,256.899,257.7,253.8,254.9,20218355,256.899
2016-10-19 00:00:00+00:00,255.4,258,254.85,258,9546481,255.4
2016-10-20 00:00:00+00:00,260.2,260.899,255.3,255.7,14179531,260.2
2016-10-21 00:00:00+00:00,258.5,259.75,256.1,259.75,8833390,258.5
2016-10-24 00:00:00+00:00,262.95,264.9,259.3,259.3,14483254,262.95
2016-10-25 00:00:00+00:00,261.45,264.55,260.75,264,9079178,261.45
2016-10-26 00:00:00+00:00,258.75,264.85,256.8,260.399,15020687,258.75
2016-10-27 00:00:00+00:00,255.4,258.1,254.3,258,10938008,255.4
2016-10-28 00:00:00+00:00,258,258.8,254,255.9,11430184,258
2016-10-31 00:00:00+00:00,258,258,258,258,0,258
2016-11-01 00:00:00+00:00,258.95,260.899,256.5,257,10000632,258.95
2016-11-02 00:00:00+00:00,251.05,256,250.55,254.1,13716294,251.05
2016-11-03 00:00:00+00:00,245.65,252.8,244.85,251.15,12902390,245.65
2016-11-04 00:00:00+00:00,242.85,247.4,240.3,246.25,12657669,242.85
2016-11-07 00:00:00+00:00,252.7,253.9,245.5,248,11224419,252.7
2016-11-08 00:00:00+00:00,252.65,254.1,248.65,253.7,9367228,252.65
2016-11-09 00:00:00+00:00,260,261.05,235,235,31761606,260
2016-11-10 00:00:00+00:00,281.3,284.2,265.25,267,50227559,281.3
2016-11-11 00:00:00+00:00,273,288.8,270.5,278.75,57937113,273
2016-11-14 00:00:00+00:00,273,273,273,273,0,273
2016-11-15 00:00:00+00:00,278.2,283.45,270.7,275.15,48658808,278.2
2016-11-16 00:00:00+00:00,277.2,284.8,276.15,284,27532708,277.2
2016-11-17 00:00:00+00:00,277.45,282.2,275.6,278,19500760,277.45
2016-11-18 00:00:00+00:00,275.8,280,274.85,278.15,13389671,275.8
2016-11-21 00:00:00+00:00,257.35,277.6,255.85,277.15,26002028,257.35
2016-11-22 00:00:00+00:00,257.35,262.65,251.15,260.8,25631435,257.35
2016-11-23 00:00:00+00:00,258.649,260.35,254.75,259.8,16190033,258.649
2016-11-24 00:00:00+00:00,261.75,263,254.55,257.8,28927720,261.75
2016-11-25 00:00:00+00:00,260.95,264.5,258.35,263.5,19303589,260.95
2016-11-28 00:00:00+00:00,253.55,257.75,248,253.45,22315183,253.55
2016-11-29 00:00:00+00:00,252.7,256.5,252,254.25,12656706,252.7
2016-11-30 00:00:00+00:00,258.35,260.149,252.7,254,16501691,258.35
2016-12-01 00:00:00+00:00,255.65,261,254.65,259.649,12986151,255.65
2016-12-02 00:00:00+00:00,254.1,261.399,253,253.95,21139754,254.1
2016-12-05 00:00:00+00:00,256.899,257.8,253.2,254.4,8406973,256.899
2016-12-06 00:00:00+00:00,259.1,260.149,256.35,258.5,10048459,259.1
2016-12-07 00:00:00+00:00,255.6,262.75,251.65,260.35,22193202,255.6
2016-12-08 00:00:00+00:00,259.899,260.5,258.05,258.45,9047721,259.899
2016-12-09 00:00:00+00:00,266.65,267.2,258.8,260.8,16004173,266.65
2016-12-12 00:00:00+00:00,263.65,269.35,262.3,268.9,14296268,263.65
2016-12-13 00:00:00+00:00,266.15,266.75,261.55,264.9,9084137,266.15
2016-12-14 00:00:00+00:00,262.9,266.25,262.3,266,8672531,262.9
2016-12-15 00:00:00+00:00,265.4,267.5,259,259.899,12274497,265.4
2016-12-16 00:00:00+00:00,264.75,266.35,263.05,266.35,11017555,264.75
2016-12-19 00:00:00+00:00,261.35,264.5,260.85,263.35,8371299,261.35
2016-12-20 00:00:00+00:00,254.55,262.9,253.25,261.85,12765309,254.55
2016-12-21 00:00:00+00:00,255.35,258,254.1,256.1,8778450,255.35
2016-12-22 00:00:00+00:00,249.8,254.25,248.35,254.25,12981595,249.8
2016-12-23 00:00:00+00:00,249.15,251.8,247.8,249.75,10557157,249.15
2016-12-26 00:00:00+00:00,244.2,248.3,243.6,248,8592983,244.2
2016-12-27 00:00:00+00:00,248.75,249.95,243.1,244.6,8756536,248.75
2016-12-28 00:00:00+00:00,247.75,252.5,247.15,249.25,11747088,247.75
2016-12-29 00:00:00+00:00,247.65,248.85,245.5,247.65,10658616,247.65
2016-12-30 00:00:00+00:00,250.2,252.3,247.25,247.75,10538497,250.2
2017-01-02 00:00:00+00:00,243.6,253.65,242.6,252.5,25988990,243.6
2017-01-03 00:00:00+00:00,244.9,246.4,241.1,244,15963085,244.9
2017-01-04 00:00:00+00:00,242.9,246.4,242.2,245.8,11225978,242.9
2017-01-05 00:00:00+00:00,245.35,245.9,243.7,245,11970913,245.35
2017-01-06 00:00:00+00:00,245.9,249,245.5,246,12354302,245.9
2017-01-09 00:00:00+00:00,247.05,248.35,246,246.4,8329253,247.05
2017-01-10 00:00:00+00:00,248.3,249,246.4,247.7,9352013,248.3
2017-01-11 00:00:00+00:00,252.15,253.2,249,249.65,13415303,252.15
2017-01-12 00:00:00+00:00,251.25,254.45,250.55,252.9,11282323,251.25
2017-01-13 00:00:00+00:00,250.9,252.6,249.1,252,9333736,250.9
2017-01-16 00:00:00+00:00,255.75,256.399,250.7,251.05,13234727,255.75
2017-01-17 00:00:00+00:00,256,258.649,254.4,257.45,9480201,256
2017-01-18 00:00:00+00:00,258.35,259.3,256.6,257.1,8048897,258.35
2017-01-19 00:00:00+00:00,258.399,262,256.5,257.2,13029151,258.399
2017-01-20 00:00:00+00:00,251.05,260.5,250.3,258.5,15341756,251.05
2017-01-23 00:00:00+00:00,254.15,255.2,250.1,251,9339939,254.15
2017-01-24 00:00:00+00:00,254.9,257,254,255.1,13540202,254.9
2017-01-25 00:00:00+00:00,259.2,261,254.2,255.55,16343545,259.2
2017-01-26 00:00:00+00:00,259.2,259.2,259.2,259.2,0,259.2
2017-01-27 00:00:00+00:00,266.45,268.2,259.5,260.3,18039379,266.45
2017-01-30 00:00:00+00:00,263.95,267.9,263.4,265.85,11884795,263.95
2017-01-31 00:00:00+00:00,260.35,263.85,259.649,261.149,8899165,260.35
2017-02-01 00:00:00+00:00,270.7,271.9,261.6,262,27253142,270.7
2017-02-02 00:00:00+00:00,273.3,275,268.7,271.85,20139955,273.3
2017-02-03 00:00:00+00:00,277.55,278.55,272,273,15366890,277.55
2017-02-06 00:00:00+00:00,277.05,282.5,276,280,14725291,277.05
2017-02-07 00:00:00+00:00,277.9,280,276.3,277.85,10981984,277.9
2017-02-08 00:00:00+00:00,277.2,279.25,272.6,278.1,13622088,277.2
2017-02-09 00:00:00+00:00,275.85,280.3,270.85,278.8,16080181,275.85
2017-02-10 00:00:00+00:00,276.35,282.8,275,278.75,37580487,276.35
2017-02-13 00:00:00+00:00,271.65,278.25,270.2,277.8,19853043,271.65
2017-02-14 00:00:00+00:00,270.2,273,268.1,272,13306738,270.2
2017-02-15 00:00:00+00:00,268.95,272.5,267.05,270.95,12201568,268.95
2017-02-16 00:00:00+00:00,270.5,277,269.65,277,21794688,270.5
2017-02-17 00:00:00+00:00,269.35,273.65,267.7,271.15,17830528,269.35
2017-02-20 00:00:00+00:00,269.65,271.55,268,269.9,9229363,269.65
2017-02-21 00:00:00+00:00,270.7,271.5,268.65,270,7754157,270.7
2017-02-22 00:00:00+00:00,272.3,274.7,269.5,271.9,12617613,272.3
2017-02-23 00:00:00+00:00,270.45,273,269.6,271.7,13146194,270.45
2017-02-24 00:00:00+00:00,270.45,270.45,270.45,270.45,0,270.45
2017-02-27 00:00:00+00:00,268.25,271.45,267.6,270.8,9645350,268.25
2017-02-28 00:00:00+00:00,269.2,271.25,268,268.9,7941592,269.2
2017-03-01 00:00:00+00:00,271.75,273.3,269.8,270,7656892,271.75
2017-03-02 00:00:00+00:00,267.3,274.7,266.5,273,14220808,267.3
2017-03-03 00:00:00+00:00,265.05,268.9,264.25,266.25,10120034,265.05
2017-03-06 00:00:00+00:00,269.85,270.35,266.35,266.6,9515073,269.85
2017-03-07 00:00:00+00:00,267.8,270.9,266.4,270.8,11599142,267.8
2017-03-08 00:00:00+00:00,269.9,270.3,266,267.8,9122987,269.9
2017-03-09 00:00:00+00:00,273.25,273.9,268.4,269,15594429,273.25
2017-03-10 00:00:00+00:00,272.05,275.55,269.5,274.5,9557026,272.05
2017-03-13 00:00:00+00:00,272.05,272.05,272.05,272.05,0,272.05
2017-03-14 00:00:00+00:00,274.65,278.4,273.8,278.4,15734886,274.65
2017-03-15 00:00:00+00:00,277.35,280.5,272.65,272.65,20055974,277.35
2017-03-16 00:00:00+00:00,279.3,280.2,276.05,278,18005184,279.3
2017-03-17 00:00:00+00:00,274.15,279.5,273.5,279.45,14265642,274.15
2017-03-20 00:00:00+00:00,273.9,274.75,271.8,274.75,9678185,273.9
2017-03-21 00:00:00+00:00,272.35,277.05,270.15,274.4,11898233,272.35
2017-03-22 00:00:00+00:00,267.5,271,266.8,270.3,9887203,267.5
2017-03-23 00:00:00+00:00,268.5,269.4,266.7,269,7998170,268.5
2017-03-24 00:00:00+00:00,276.5,278.95,268.65,269.5,20133467,276.5
2017-03-27 00:00:00+00:00,279.45,280.8,275.2,276,15966114,279.45
2017-03-28 00:00:00+00:00,282.1,282.9,278.5,280.65,18673371,282.1
2017-03-29 00:00:00+00:00,288.45,289.9,283.15,283.15,31008407,288.45
2017-03-30 00:00:00+00:00,291.05,293.75,288.85,289,19683170,291.05
2017-03-31 00:00:00+00:00,293.4,295,288.5,292,20185269,293.4
2017-04-03 00:00:00+00:00,293.15,295.7,292.2,294.8,10509610,293.15
2017-04-04 00:00:00+00:00,293.15,293.15,293.15,293.15,0,293.15
2017-04-05 00:00:00+00:00,297.35,298.75,289.65,293.3,21936647,297.35
2017-04-06 00:00:00+00:00,292.85,297.55,291.45,295.45,18413111,292.85
2017-04-07 00:00:00+00:00,289.45,294.8,287.65,291.7,10765502,289.45
2017-04-10 00:00:00+00:00,289.35,290.35,286.55,289.8,10307875,289.35
2017-04-11 00:00:00+00:00,294.5,295.15,288.8,289.3,11682024,294.5
2017-04-12 00:00:00+00:00,290.15,295.45,289.1,294,13251421,290.15
2017-04-13 00:00:00+00:00,291.55,293.1,290,290.25,9944020,291.55
2017-04-14 00:00:00+00:00,291.55,291.55,291.55,291.55,0,291.55
2017-04-17 00:00:00+00:00,289.9,292.75,288.5,291.1,8146800,289.9
2017-04-18 00:00:00+00:00,290.3,296.9,288.4,291.05,13457050,290.3
2017-04-19 00:00:00+00:00,284.05,291.75,282.9,291.55,18149995,284.05
2017-04-20 00:00:00+00:00,284.8,286.9,282.2,283.9,14514929,284.8
2017-04-21 00:00:00+00:00,282.2,287,279.25,287,12042308,282.2
2017-04-24 00:00:00+00:00,286.05,287.85,280.9,283.25,10077853,286.05
2017-04-25 00:00:00+00:00,286.05,288.8,285,287.5,11531902,286.05
2017-04-26 00:00:00+00:00,286.45,289.5,283.35,287.1,13836891,286.45
2017-04-27 00:00:00+00:00,282.05,287.95,281.05,286.45,22622372,282.05
2017-04-28 00:00:00+00:00,289.75,290.75,282.5,283,14152004,289.75
2017-05-01 00:00:00+00:00,289.75,289.75,289.75,289.75,0,289.75
2017-05-02 00:00:00+00:00,288.3,292.5,287.1,290.25,9754789,288.3
2017-05-03 00:00:00+00:00,289.8,293.2,285.8,289.4,13950914,289.8
2017-05-04 00:00:00+00:00,299.05,300,293.1,294,24534923,299.05
2017-05-05 00:00:00+00:00,296,304.9,292.15,301,34756331,296
2017-05-08 00:00:00+00:00,299.4,300.75,293.9,296.1,11560550,299.4
2017-05-09 00:00:00+00:00,296.5,300.9,295.25,300.9,7843574,296.5
2017-05-10 00:00:00+00:00,294.45,298.15,293,297,8699405,294.45
2017-05-11 00:00:00+00:00,298.1,299.4,294.45,295.9,11934889,298.1
2017-05-12 00:00:00+00:00,297.9,302.6,296,300,13376269,297.9
2017-05-15 00:00:00+00:00,301.4,302,297.5,298.4,10383539,301.4
2017-05-16 00:00:00+00:00,307.5,308.4,299.35,302,17533439,307.5
2017-05-17 00:00:00+00:00,307.65,308.8,305.5,308,14120513,307.65
2017-05-18 00:00:00+00:00,302.95,307.9,302,304.85,15471393,302.95
2017-05-19 00:00:00+00:00,308,315.3,302,304.45,55250969,308
2017-05-22 00:00:00+00:00,294.3,309.4,293.2,308.95,35771221,294.3
2017-05-23 00:00:00+00:00,288.85,295.9,287.25,295,19846852,288.85
2017-05-24 00:00:00+00:00,283.15,290.45,281.65,290.05,16435958,283.15
2017-05-25 00:00:00+00:00,290.1,291.35,283.55,284.15,15018467,290.1
2017-05-26 00:00:00+00:00,288.45,291,285.3,290.5,12304394,288.45
2017-05-29 00:00:00+00:00,284,290.85,283.3,288.9,10619968,284
2017-05-30 00:00:00+00:00,288.85,289.75,281.05,283.4,9643418,288.85
2017-05-31 00:00:00+00:00,288.3,291.5,287.2,289,10697171,288.3
2017-06-01 00:00:00+00:00,287.45,291.4,284.6,287.95,12186700,287.45
2017-06-02 00:00:00+00:00,287.05,290.5,286.35,289.9,12004368,287.05
2017-06-05 00:00:00+00:00,287.25,289.75,286.75,288.05,7917410,287.25
2017-06-06 00:00:00+00:00,287.3,292.95,286.6,292,12346121,287.3
2017-06-07 00:00:00+00:00,290.55,291.5,287.2,288.2,10864355,290.55
2017-06-08 00:00:00+00:00,288.6,292,287.75,292,8370299,288.6
2017-06-09 00:00:00+00:00,288.55,289.4,285.8,288.3,10804887,288.55
2017-06-12 00:00:00+00:00,284.95,287,284.3,286.75,10326846,284.95
2017-06-13 00:00:00+00:00,283.85,287,283,285.4,9171049,283.85
2017-06-14 00:00:00+00:00,284.2,286.3,282.6,285.9,11566255,284.2
2017-06-15 00:00:00+00:00,284,285.8,281.35,283.85,11925641,284
2017-06-16 00:00:00+00:00,285.95,286.65,283.25,284.7,19246907,285.95
2017-06-19 00:00:00+00:00,288.85,289.85,285.3,286.6,14848661,288.85
2017-06-20 00:00:00+00:00,290.1,291,285.6,287.6,14927701,290.1
2017-06-21 00:00:00+00:00,290.9,292.45,288.25,288.25,10537576,290.9
2017-06-22 00:00:00+00:00,294.5,295.9,291.05,291.25,26110402,294.5
2017-06-23 00:00:00+00:00,288.95,295.55,287.8,294.75,20648597,288.95
2017-06-26 00:00:00+00:00,288.95,288.95,288.95,288.95,0,288.95
2017-06-27 00:00:00+00:00,279.65,289.45,276.8,289.25,25523129,279.65
2017-06-28 00:00:00+00:00,276.4,278.45,273.75,277.6,17241351,276.4
2017-06-29 00:00:00+00:00,272.45,279.3,271.65,277.15,30457363,272.45
2017-06-30 00:00:00+00:00,273.65,274.75,269.7,272,12235472,273.65
2017-07-03 00:00:00+00:00,274.85,275.5,272.55,274.1,8951033,274.85
2017-07-04 00:00:00+00:00,273,276.45,272.05,275,7856082,273
2017-07-05 00:00:00+00:00,274.9,275.6,272.35,273.9,10048734,274.9
2017-07-06 00:00:00+00:00,281,282.7,274.6,275.05,16115817,281
2017-07-07 00:00:00+00:00,280.1,282.4,279.2,280.6,5914038,280.1
2017-07-10 00:00:00+00:00,285.55,300,280.85,300,2171603,285.55
2017-07-11 00:00:00+00:00,283.55,289.7,283,287.5,12400820,283.55
2017-07-12 00:00:00+00:00,287.65,288.4,283.2,284.7,7524835,287.65
2017-07-13 00:00:00+00:00,288.75,290,286.55,288.9,8434324,288.75
2017-07-14 00:00:00+00:00,291.6,293.6,287.25,288.8,13750192,291.6
2017-07-17 00:00:00+00:00,293,294.1,289.65,292.8,10549310,293
2017-07-18 00:00:00+00:00,291,296.4,290,291.85,11913832,291
2017-07-19 00:00:00+00:00,293.3,294,291.4,291.5,9006728,293.3
2017-07-20 00:00:00+00:00,290.95,294.25,290.05,293,6256500,290.95
2017-07-21 00:00:00+00:00,290.65,292.2,288.25,291.05,7266604,290.65
2017-07-24 00:00:00+00:00,294.55,296.3,290.7,290.8,11195781,294.55
2017-07-25 00:00:00+00:00,296.1,297.3,294.65,296,10846999,296.1
2017-07-26 00:00:00+00:00,295.8,299.65,295.25,296.25,12527914,295.8
2017-07-27 00:00:00+00:00,298.35,299.85,296.2,297,22286060,298.35
2017-07-28 00:00:00+00:00,299.1,300.75,295.6,297,15766196,299.1
2017-07-31 00:00:00+00:00,312.5,313.85,298,299.4,41547584,312.5
2017-08-01 00:00:00+00:00,309,314.8,307.95,314,14888804,309
2017-08-02 00:00:00+00:00,307.7,311.8,305.3,310,17005571,307.7
2017-08-03 00:00:00+00:00,300.55,307.4,299.1,307,14459919,300.55
2017-08-04 00:00:00+00:00,305.25,306.3,297.6,300.3,9615344,305.25
2017-08-07 00:00:00+00:00,311.2,311.8,305.15,305.8,11420767,311.2
2017-08-08 00:00:00+00:00,303.65,311.8,301.2,311,13578680,303.65
2017-08-09 00:00:00+00:00,302.3,307.45,300.1,302.75,15852734,302.3
2017-08-10 00:00:00+00:00,296.7,302.4,292,301.2,14519518,296.7
2017-08-11 00:00:00+00:00,280.15,303,277.45,294.5,67652562,280.15
2017-08-14 00:00:00+00:00,278.2,282.4,276.5,281.45,23773509,278.2
2017-08-15 00:00:00+00:00,278.2,278.2,278.2,278.2,0,278.2
2017-08-16 00:00:00+00:00,283.1,283.9,274.2,279.05,21074533,283.1
2017-08-17 00:00:00+00:00,280.85,284.7,280,283.8,12134114,280.85
2017-08-18 00:00:00+00:00,278.7,279.65,276,278,12653217,278.7
2017-08-21 00:00:00+00:00,274.65,280.65,273.35,279,9247153,274.65
2017-08-22 00:00:00+00:00,273.9,277,271.2,276,11814388,273.9
2017-08-23 00:00:00+00:00,279,279.7,274.2,274.75,11317821,279
2017-08-24 00:00:00+00:00,280.3,281.45,277.5,279.7,14138226,280.3
2017-08-25 00:00:00+00:00,280.3,280.3,280.3,280.3,0,280.3
2017-08-28 00:00:00+00:00,279.35,282.1,279,282.1,10505317,279.35
2017-08-29 00:00:00+00:00,277,280.85,276.05,278.45,10335964,277
2017-08-30 00:00:00+00:00,276.6,279.25,276,278,7648702,276.6
2017-08-31 00:00:00+00:00,277.75,279.5,274.2,276.85,14222467,277.75
2017-09-01 00:00:00+00:00,277.85,280.4,276.6,277.65,8255209,277.85
2017-09-04 00:00:00+00:00,277.75,279.6,276.4,278.95,7168751,277.75
2017-09-05 00:00:00+00:00,276.55,279.5,275.95,278.1,9565430,276.55
2017-09-06 00:00:00+00:00,274.25,276.65,273.65,275.95,7306781,274.25
2017-09-07 00:00:00+00:00,274.2,276.9,273.1,275.4,16102724,274.2
2017-09-08 00:00:00+00:00,271.8,275.4,271.1,274.9,7077895,271.8
2017-09-11 00:00:00+00:00,270.95,273.5,269.55,272.6,14489224,270.95
2017-09-12 00:00:00+00:00,273.45,275.65,270.5,272,8375133,273.45
2017-09-13 00:00:00+00:00,273.4,276.6,272.5,274.95,10150073,273.4
2017-09-14 00:00:00+00:00,274.2,275.6,272.3,273.4,8015217,274.2
2017-09-15 00:00:00+00:00,271.5,274.5,269.9,270.75,18404860,271.5
2017-09-18 00:00:00+00:00,270.4,274,269.45,273,17538678,270.4
2017-09-19 00:00:00+00:00,267.8,270.8,266.45,270.45,14331316,267.8
2017-09-20 00:00:00+00:00,270.05,272.05,267.45,268.15,12355806,270.05
2017-09-21 00:00:00+00:00,268.5,271.4,267.35,269.75,8509419,268.5
2017-09-22 00:00:00+00:00,261.85,267.4,261.1,267.25,12860892,261.85
2017-09-25 00:00:00+00:00,258.75,261.8,254.4,261.5,13937050,258.75
2017-09-26 00:00:00+00:00,258.25,259.649,256,258.5,11728345,258.25
2017-09-27 00:00:00+00:00,250.4,259.899,249.5,259.899,17080769,250.4
2017-09-28 00:00:00+00:00,252.55,253.55,249.5,250.25,17776419,252.55
2017-09-29 00:00:00+00:00,253.85,255.5,253.05,254.7,10073641,253.85
2017-10-02 00:00:00+00:00,253.85,253.85,253.85,253.85,0,253.85
2017-10-03 00:00:00+00:00,251.3,256.399,250.6,256.399,10547836,251.3
2017-10-04 00:00:00+00:00,253.2,254.65,251.35,251.65,14063896,253.2
2017-10-05 00:00:00+00:00,251.6,254.1,249.2,253.7,13476692,251.6
2017-10-06 00:00:00+00:00,256.75,257.899,252.1,252.15,11932139,256.75
2017-10-09 00:00:00+00:00,256.85,258.6,254.25,256.8,8009211,256.85
2017-10-10 00:00:00+00:00,256.95,258.2,255.7,256.85,9742878,256.95
2017-10-11 00:00:00+00:00,251.75,258.45,250.45,257.149,14192548,251.75
2017-10-12 00:00:00+00:00,251.2,252.95,248.5,252,13404759,251.2
2017-10-13 00:00:00+00:00,252.1,255.35,250.2,251.1,15697555,252.1
2017-10-16 00:00:00+00:00,252.05,254.7,250.1,254.6,12171830,252.05
2017-10-17 00:00:00+00:00,251.15,254.7,250.65,252.05,13505216,251.15
2017-10-18 00:00:00+00:00,243.75,247.8,242.55,246,20677891,243.75
2017-10-19 00:00:00+00:00,242.75,245.25,241.15,243.8,3458869,242.75
2017-10-20 00:00:00+00:00,242.75,242.75,242.75,242.75,0,242.75
2017-10-23 00:00:00+00:00,245.95,247,242.3,244,8901335,245.95
2017-10-24 00:00:00+00:00,254.45,255.3,245.95,246,17197805,254.45
2017-10-25 00:00:00+00:00,324.9,328.05,279.85,279.85,262677081,324.9
2017-10-26 00:00:00+00:00,320.5,351.3,317.5,330,112804243,320.5
2017-10-27 00:00:00+00:00,311.05,323.6,310.1,320.25,27580765,311.05
2017-10-30 00:00:00+00:00,312,322.35,310.6,312,28530254,312
2017-10-31 00:00:00+00:00,305.8,313.85,304.3,313,16455750,305.8
2017-11-01 00:00:00+00:00,319.85,321.45,309.4,309.4,34907283,319.85
2017-11-02 00:00:00+00:00,314.35,323.15,313.55,320,23110527,314.35
2017-11-03 00:00:00+00:00,325,327.5,312.6,315.45,26898400,325
2017-11-06 00:00:00+00:00,329,330,321.45,323.6,17143407,329
2017-11-07 00:00:00+00:00,317.2,331.7,315.5,328.95,21883541,317.2
2017-11-08 00:00:00+00:00,309.55,319.3,306.65,318,20242447,309.55
2017-11-09 00:00:00+00:00,313.7,318,308.2,313.15,21846178,313.7
2017-11-10 00:00:00+00:00,333.55,338.5,309.5,315,82984969,333.55
2017-11-13 00:00:00+00:00,331.05,344.8,329.75,336.75,38777555,331.05
2017-11-14 00:00:00+00:00,329.1,334.7,327.5,330.35,25647162,329.1
2017-11-15 00:00:00+00:00,324.95,331.15,322.25,328,17389606,324.95
2017-11-16 00:00:00+00:00,333.4,334.2,323.65,327.4,22506014,333.4
2017-11-17 00:00:00+00:00,337.5,346.7,336,345,26518142,337.5
2017-11-20 00:00:00+00:00,333,337.15,331.25,337.1,13507662,333
2017-11-21 00:00:00+00:00,330.65,335.4,330,335,14189920,330.65
2017-11-22 00:00:00+00:00,335.3,339.65,327,330.85,22861716,335.3
2017-11-23 00:00:00+00:00,334.95,336.65,331.65,335.5,13338423,334.95
2017-11-24 00:00:00+00:00,332.4,337,331.5,336,11716981,332.4
2017-11-27 00:00:00+00:00,335.65,337,328.05,329.9,13114683,335.65
2017-11-28 00:00:00+00:00,332,336.7,331.2,336,16054996,332
2017-11-29 00:00:00+00:00,328.9,334.85,327.2,332.35,11264624,328.9
2017-11-30 00:00:00+00:00,320.35,326.5,318.5,325.8,27276288,320.35
2017-12-01 00:00:00+00:00,312.75,322.3,311.25,321.5,16425620,312.75
2017-12-04 00:00:00+00:00,313.6,315.95,311.15,314.7,13887727,313.6
2017-12-05 00:00:00+00:00,319.1,320.7,308.8,312.5,15130931,319.1
2017-12-06 00:00:00+00:00,312.4,317.4,311.5,316.7,18658202,312.4
2017-12-07 00:00:00+00:00,316.4,317.75,312.45,312.5,12278558,316.4
2017-12-08 00:00:00+00:00,313.1,318.85,312.1,316.6,16418832,313.1
2017-12-11 00:00:00+00:00,318.4,319.3,315.1,315.95,14014369,318.4
2017-12-12 00:00:00+00:00,318.45,320.5,314.65,317.75,17658856,318.45
2017-12-13 00:00:00+00:00,313.3,318.95,311.15,316.15,17540585,313.3
2017-12-14 00:00:00+00:00,314,315.4,309.5,314.3,13894451,314
2017-12-15 00:00:00+00:00,312.25,319.35,311.5,318.4,16050711,312.25
2017-12-18 00:00:00+00:00,318.9,323.5,300.4,308,32119915,318.9
2017-12-19 00:00:00+00:00,319.8,322.25,318.4,319.45,14741481,319.8
2017-12-20 00:00:00+00:00,317.5,319,316.5,319,9895770,317.5
2017-12-21 00:00:00+00:00,316.75,318.2,315.4,316.6,9916409,316.75
2017-12-22 00:00:00+00:00,319.85,323.85,316.5,317.1,13821639,319.85
2017-12-25 00:00:00+00:00,319.85,319.85,319.85,319.85,0,319.85
2017-12-26 00:00:00+00:00,317.15,319.95,316.3,318.6,9329690,317.15
2017-12-27 00:00:00+00:00,314.85,320.3,313.05,316.5,14276027,314.85
2017-12-28 00:00:00+00:00,308.4,316.5,307.65,315.3,20353152,308.4
2017-12-29 00:00:00+00:00,309.9,312,309.05,310,11939569,309.9
2018-01-01 00:00:00+00:00,307.1,312.75,306.3,310.6,12182400,307.1
2018-01-02 00:00:00+00:00,303.25,309,301.35,309,14797364,303.25
2018-01-03 00:00:00+00:00,302.85,306.45,302.15,305.3,13857373,302.85
2018-01-04 00:00:00+00:00,308.5,310.2,303.15,304.5,24517099,308.5
2018-01-05 00:00:00+00:00,306.35,311.4,305.6,311.4,14580575,306.35
2018-01-08 00:00:00+00:00,305.8,309.5,305,307.2,13557197,305.8
2018-01-09 00:00:00+00:00,304.3,309.5,303.3,307.5,15574755,304.3
2018-01-10 00:00:00+00:00,301.1,305.85,300,304.65,13064599,301.1
2018-01-11 00:00:00+00:00,302.2,303,300,300.9,12299087,302.2
2018-01-12 00:00:00+00:00,302.25,304.65,300.55,304.65,17594228,302.25
2018-01-15 00:00:00+00:00,302.6,305.25,301.55,303.95,18189668,302.6
2018-01-16 00:00:00+00:00,296.15,303.35,295.3,302.4,18040940,296.15
2018-01-17 00:00:00+00:00,307.1,308.4,292.6,296,26277307,307.1
2018-01-18 00:00:00+00:00,303.25,317.8,300.5,315,40000111,303.25
2018-01-19 00:00:00+00:00,309.25,310,302.5,303.95,18461642,309.25
2018-01-22 00:00:00+00:00,306.5,308.75,304.05,308.35,12622645,306.5
2018-01-23 00:00:00+00:00,318.1,320.55,306.35,306.4,35252217,318.1
2018-01-24 00:00:00+00:00,329.9,331.6,316.2,317.7,38070520,329.9
2018-01-25 00:00:00+00:00,313.15,332.75,311.85,332.75,42466150,313.15
2018-01-26 00:00:00+00:00,313.15,313.15,313.15,313.15,0,313.15
2018-01-29 00:00:00+00:00,312.1,316.9,311,313.15,23600898,312.1
2018-01-30 00:00:00+00:00,313.55,318.85,311,312.05,25810404,313.55
2018-01-31 00:00:00+00:00,313.25,316.6,307.85,313,16409938,313.25
2018-02-01 00:00:00+00:00,306.05,317.4,305,316.9,19515991,306.05
2018-02-02 00:00:00+00:00,297.35,305.75,295.5,302.9,23274673,297.35
2018-02-05 00:00:00+00:00,298.05,300.4,290,292.65,18940578,298.05
2018-02-06 00:00:00+00:00,291.75,297.3,282.9,285,30577218,291.75
2018-02-07 00:00:00+00:00,292.8,297.9,290,296.6,21463818,292.8
2018-02-08 00:00:00+00:00,301.4,303.3,292.55,292.9,18932796,301.4
2018-02-09 00:00:00+00:00,296.4,300.6,295,297,15750824,296.4
2018-02-12 00:00:00+00:00,288.75,292.4,285.15,288.25,50839665,288.75
2018-02-13 00:00:00+00:00,288.75,288.75,288.75,288.75,0,288.75
2018-02-14 00:00:00+00:00,276.2,288.7,275,288.7,45641149,276.2
2018-02-15 00:00:00+00:00,278.7,282.3,274.25,274.8,26058237,278.7
2018-02-16 00:00:00+00:00,271.65,281.2,270.05,280.5,30338112,271.65
2018-02-19 00:00:00+00:00,268.5,272,256.649,271.5,43847791,268.5
2018-02-20 00:00:00+00:00,269.65,274.2,264.8,269,33458021,269.65
2018-02-21 00:00:00+00:00,273.3,274.1,267.4,272.2,23714454,273.3
2018-02-22 00:00:00+00:00,272.6,273.6,269.45,270.4,25584062,272.6
2018-02-23 00:00:00+00:00,276.05,277.2,272.5,273.45,15482147,276.05
2018-02-26 00:00:00+00:00,274.45,280,273.85,280,15306032,274.45
2018-02-27 00:00:00+00:00,267.6,275.9,265.95,273,20824909,267.6
2018-02-28 00:00:00+00:00,268,269.7,260.8,264.25,26810799,268
2018-03-01 00:00:00+00:00,262.15,270,261.25,266.3,22859175,262.15
2018-03-02 00:00:00+00:00,262.15,262.15,262.15,262.15,0,262.15
2018-03-05 00:00:00+00:00,263.5,265,258.75,260.45,18484565,263.5
2018-03-06 00:00:00+00:00,256.55,266,255,265.85,20778164,256.55
2018-03-07 00:00:00+00:00,246.65,255.35,246.05,255.05,31262500,246.65
2018-03-08 00:00:00+00:00,256.8,257.95,244.3,247,33133336,256.8
2018-03-09 00:00:00+00:00,253.25,257.399,251.65,257,21536191,253.25
2018-03-12 00:00:00+00:00,252.85,255.25,247.25,254.1,25332474,252.85
2018-03-13 00:00:00+00:00,254.7,262.4,249.6,251.3,37647221,254.7
2018-03-14 00:00:00+00:00,257.05,257.85,250,252.5,25471485,257.05
2018-03-15 00:00:00+00:00,253.7,258.8,252.55,257,18339890,253.7
2018-03-16 00:00:00+00:00,252.3,255.7,250.1,250.65,25728297,252.3
2018-03-19 00:00:00+00:00,247.95,253.6,246.1,252.9,18167594,247.95
2018-03-20 00:00:00+00:00,249.1,252.25,245.35,246.85,20556571,249.1
2018-03-21 00:00:00+00:00,248,254.3,247.1,251.75,19533972,248
2018-03-22 00:00:00+00:00,241.55,247.35,240.65,247,26828240,241.55
2018-03-23 00:00:00+00:00,234.8,239.65,232.35,237.8,27150262,234.8
2018-03-26 00:00:00+00:00,246.5,247.85,234.25,234.75,30373940,246.5
2018-03-27 00:00:00+00:00,254.35,255.5,248,250,31205051,254.35
2018-03-28 00:00:00+00:00,249.9,256.2,248.7,252,36673566,249.9
2018-03-29 00:00:00+00:00,249.9,249.9,249.9,249.9,0,249.9
2018-03-30 00:00:00+00:00,249.9,249.9,249.9,249.9,0,249.9
2018-04-02 00:00:00+00:00,246.15,252,244.9,251.8,14993188,246.15
2018-04-03 00:00:00+00:00,250.5,252.8,248.25,249.55,19883309,250.5
2018-04-04 00:00:00+00:00,247.3,253,245.5,251.7,18824449,247.3
2018-04-05 00:00:00+00:00,259.3,261.899,250,252.6,22880821,259.3
2018-04-06 00:00:00+00:00,259.7,261.45,254.85,259.649,24868860,259.7
2018-04-09 00:00:00+00:00,260.649,262.75,257.6,260.649,20208874,260.649
2018-04-10 00:00:00+00:00,263.3,265,258.5,261.1,21201141,263.3
2018-04-11 00:00:00+00:00,257.05,263,256.3,263,14885838,257.05
2018-04-12 00:00:00+00:00,253.8,257.5,252.25,257.5,18660913,253.8
2018-04-13 00:00:00+00:00,250.95,255.95,249.7,254,25654020,250.95
2018-04-16 00:00:00+00:00,249,251.3,247.1,249.35,16408377,249
2018-04-17 00:00:00+00:00,248.15,252.5,246.6,251.4,15922452,248.15
2018-04-18 00:00:00+00:00,246.45,249.9,245.3,249.5,16142387,246.45
2018-04-19 00:00:00+00:00,246.15,248.45,245.2,247.1,13166927,246.15
2018-04-20 00:00:00+00:00,241.2,245.85,239.5,245.85,15546939,241.2
2018-04-23 00:00:00+00:00,242.45,244.85,239.3,241.9,12111837,242.45
2018-04-24 00:00:00+00:00,240.6,243.4,239.6,242,9486349,240.6
2018-04-25 00:00:00+00:00,237.2,240.75,236.75,239.7,13124853,237.2
2018-04-26 00:00:00+00:00,233.2,238.8,232.5,238.4,24495144,233.2
2018-04-27 00:00:00+00:00,242.6,245.8,233.25,233.25,31401889,242.6
2018-04-30 00:00:00+00:00,246.4,249.7,244.5,244.8,17263193,246.4
2018-05-01 00:00:00+00:00,246.4,246.4,246.4,246.4,0,246.4
2018-05-02 00:00:00+00:00,241,246.3,239.75,245.9,12887066,241
2018-05-03 00:00:00+00:00,241.9,243.4,238.75,240.95,12939642,241.9
2018-05-04 00:00:00+00:00,241.95,243.9,240.35,243.5,12777310,241.95
2018-05-07 00:00:00+00:00,246.5,248.2,242.05,242.45,15122614,246.5
2018-05-08 00:00:00+00:00,250.05,252.6,244.6,248,23293920,250.05
2018-05-09 00:00:00+00:00,248,249.8,246.3,249.8,11429823,248
2018-05-10 00:00:00+00:00,247.95,250.2,246.3,248.25,13160967,247.95
2018-05-11 00:00:00+00:00,250.35,251.6,246.05,247.6,11958589,250.35
2018-05-14 00:00:00+00:00,253.6,255.8,248.15,249.95,18673849,253.6
2018-05-15 00:00:00+00:00,248,257.45,245.9,253,18026861,248
2018-05-16 00:00:00+00:00,243.1,248.7,240.6,245.5,17222004,243.1
2018-05-17 00:00:00+00:00,242.7,246,241.15,244.2,11721064,242.7
2018-05-18 00:00:00+00:00,238.85,244,237.85,243,11873041,238.85
2018-05-21 00:00:00+00:00,244.45,245.75,240.3,243.55,18780730,244.45
2018-05-22 00:00:00+00:00,253.9,259.7,241,243.65,68713602,253.9
2018-05-23 00:00:00+00:00,263.2,269.75,254.3,254.65,71202072,263.2
2018-05-24 00:00:00+00:00,268.5,269.7,260.649,263.85,34679642,268.5
2018-05-25 00:00:00+00:00,266.95,268.4,262.55,267.8,22317308,266.95
2018-05-28 00:00:00+00:00,272.05,274.2,266.05,267.4,18959368,272.05
2018-05-29 00:00:00+00:00,264.3,270.95,262.8,270.5,16107543,264.3
2018-05-30 00:00:00+00:00,267.15,268,259.95,260.5,19320209,267.15
2018-05-31 00:00:00+00:00,269.55,274.8,263.15,266.85,31935892,269.55
2018-06-01 00:00:00+00:00,266.7,269.8,264.6,269.25,16574717,266.7
2018-06-04 00:00:00+00:00,263,268.35,261.3,268,12933824,263
2018-06-05 00:00:00+00:00,263.55,265.25,260.899,260.899,14102731,263.55
2018-06-06 00:00:00+00:00,270.15,271.4,262.2,263,18315171,270.15
2018-06-07 00:00:00+00:00,269.65,272.9,268.4,271.05,18773700,269.65
2018-06-08 00:00:00+00:00,273,273.9,267,268.95,14096549,273
2018-06-11 00:00:00+00:00,274,278.4,273.15,273.3,18219428,274
2018-06-12 00:00:00+00:00,282.85,284.4,274,274,31358021,282.85
2018-06-13 00:00:00+00:00,287.7,289.65,283.65,284,26748300,287.7
2018-06-14 00:00:00+00:00,282.6,286.55,281.3,286.55,18513730,282.6
2018-06-15 00:00:00+00:00,277.45,283.45,276.6,282.75,16949917,277.45
2018-06-18 00:00:00+00:00,276.85,279.75,275.45,278,13542420,276.85
2018-06-19 00:00:00+00:00,272.6,276.7,269.75,276,20726975,272.6
2018-06-20 00:00:00+00:00,273.3,274.75,271.1,273.2,14002946,273.3
2018-06-21 00:00:00+00:00,268.65,274.75,268.1,274.75,12954943,268.65
2018-06-22 00:00:00+00:00,273.05,273.7,265.75,269,20784133,273.05
2018-06-25 00:00:00+00:00,268.45,273.15,267.2,271.85,10934401,268.45
2018-06-26 00:00:00+00:00,267.4,271.2,265.4,267.25,16867009,267.4
2018-06-27 00:00:00+00:00,261.7,267.35,261,267.35,16277655,261.7
2018-06-28 00:00:00+00:00,257,262,255.7,260.399,21349738,257
2018-06-29 00:00:00+00:00,259.35,263.45,258.2,258.25,16244724,259.35
2018-07-02 00:00:00+00:00,258.85,261.75,254,258.95,21896701,258.85
2018-07-03 00:00:00+00:00,257.5,260.899,256.399,259.6,16099030,257.5
2018-07-04 00:00:00+00:00,257.45,258.35,254.5,255.75,14206935,257.45
2018-07-05 00:00:00+00:00,256.45,258.7,255.15,257.899,11215032,256.45
2018-07-06 00:00:00+00:00,257.2,260.8,255.55,256.1,16174019,257.2
2018-07-09 00:00:00+00:00,261.55,262.4,257.95,258.2,13220744,261.55
2018-07-10 00:00:00+00:00,263.75,265.75,262.4,263.85,11487165,263.75
2018-07-11 00:00:00+00:00,259.1,262.65,257.899,262.65,12857179,259.1
2018-07-12 00:00:00+00:00,262.75,264.5,261.149,261.399,10642215,262.75
2018-07-13 00:00:00+00:00,257.75,262.4,256.8,262.1,11976239,257.75
2018-07-16 00:00:00+00:00,251.6,257.5,251,257,8965623,251.6
2018-07-17 00:00:00+00:00,259.05,259.85,250.45,250.7,16067598,259.05
2018-07-18 00:00:00+00:00,259.55,262.5,256.149,260.1,17641125,259.55
2018-07-19 00:00:00+00:00,260.2,263.5,256.2,259.399,9958284,260.2
2018-07-20 00:00:00+00:00,261.5,263,258.55,259.899,6120163,261.5
2018-07-23 00:00:00+00:00,266.35,267.5,260.6,262,17013119,266.35
2018-07-24 00:00:00+00:00,266.85,269.2,265.55,267.2,9320281,266.85
2018-07-25 00:00:00+00:00,271.85,272.85,265.65,268,13099277,271.85
2018-07-26 00:00:00+00:00,287.7,289.4,274.2,275.1,53496546,287.7
2018-07-27 00:00:00+00:00,286.75,297,285.1,289.5,32175436,286.75
2018-07-30 00:00:00+00:00,297.4,299.55,289.2,289.2,40949610,297.4
2018-07-31 00:00:00+00:00,293.5,302.4,291.8,297,36510328,293.5
2018-08-01 00:00:00+00:00,295.1,298,288.35,294.5,33885474,295.1
2018-08-02 00:00:00+00:00,293.9,296.4,290.55,293,15665209,293.9
2018-08-03 00:00:00+00:00,299.25,299.95,294.5,294.6,18254462,299.25
2018-08-06 00:00:00+00:00,308.5,311.35,300.6,300.6,31576923,308.5
2018-08-07 00:00:00+00:00,304.05,311.7,303.05,309.85,23929123,304.05
2018-08-08 00:00:00+00:00,308.7,310.9,303.05,304.05,20498279,308.7
2018-08-09 00:00:00+00:00,317.4,319.85,310.15,312.95,46464355,317.4
2018-08-10 00:00:00+00:00,304.45,326.4,300.5,317.65,111510771,304.45
2018-08-13 00:00:00+00:00,294.15,302.8,291.1,296,58127432,294.15
2018-08-14 00:00:00+00:00,294.9,298.95,293.35,296.7,25294933,294.9
2018-08-15 00:00:00+00:00,294.9,294.9,294.9,294.9,0,294.9
2018-08-16 00:00:00+00:00,292.7,298.4,290.25,293.5,31083900,292.7
2018-08-17 00:00:00+00:00,302.1,302.7,294.05,295,21931134,302.1
2018-08-20 00:00:00+00:00,307.65,308.7,303.6,304.1,20240462,307.65
2018-08-21 00:00:00+00:00,307,308.85,303.35,308.3,14139592,307
2018-08-22 00:00:00+00:00,307,307,307,307,0,307
2018-08-23 00:00:00+00:00,302.45,306.95,298.3,306.95,22721004,302.45
2018-08-24 00:00:00+00:00,300.45,305.7,299,300.6,18869585,300.45
2018-08-27 00:00:00+00:00,308,310.35,303.3,304,28111768,308
2018-08-28 00:00:00+00:00,305.35,310.25,303.4,308.05,16890236,305.35
2018-08-29 00:00:00+00:00,309.7,312,305.75,306.8,24320824,309.7
2018-08-30 00:00:00+00:00,308.6,310.5,306,309.3,19935935,308.6
2018-08-31 00:00:00+00:00,309.6,310.65,304.55,307.9,18100140,309.6
2018-09-03 00:00:00+00:00,306.35,312.5,304.8,312.5,14708076,306.35
2018-09-04 00:00:00+00:00,296.4,307.45,295.45,306.8,42859084,296.4
2018-09-05 00:00:00+00:00,296.55,298.85,290.4,296.5,22922686,296.55
2018-09-06 00:00:00+00:00,296.45,299.85,294.5,298,18001336,296.45
2018-09-07 00:00:00+00:00,291.65,295.9,289.45,295.9,23716678,291.65
2018-09-10 00:00:00+00:00,284.85,293.25,283.8,290.65,23354395,284.85
2018-09-11 00:00:00+00:00,282.6,291.45,281.65,287.35,28361400,282.6
2018-09-12 00:00:00+00:00,285.3,286.7,280,284,22717796,285.3
2018-09-13 00:00:00+00:00,285.3,285.3,285.3,285.3,0,285.3
2018-09-14 00:00:00+00:00,290.65,291.8,288.7,290.1,15149585,290.65
2018-09-17 00:00:00+00:00,285.3,288.5,284.1,288.5,16089996,285.3
2018-09-18 00:00:00+00:00,273.8,286.9,272.4,285,33901000,273.8
2018-09-19 00:00:00+00:00,271.5,282.85,270.5,275.4,40759431,271.5
2018-09-20 00:00:00+00:00,271.5,271.5,271.5,271.5,0,271.5
2018-09-21 00:00:00+00:00,270.6,279.45,253.4,274.2,39308482,270.6
2018-09-24 00:00:00+00:00,264.35,273,262.6,272.7,24633374,264.35
2018-09-25 00:00:00+00:00,270.9,272.95,260.8,264,28948831,270.9
2018-09-26 00:00:00+00:00,263.85,274,262.75,274,23951904,263.85
2018-09-27 00:00:00+00:00,265.35,268.6,263.75,264.5,24829383,265.35
2018-09-28 00:00:00+00:00,265.5,273.5,262.5,266.4,33803139,265.5
2018-10-01 00:00:00+00:00,273.85,275.2,264.1,265.5,17711738,273.85
2018-10-02 00:00:00+00:00,273.85,273.85,273.85,273.85,0,273.85
2018-10-03 00:00:00+00:00,271.7,278.7,270.6,273.35,19714943,271.7
2018-10-04 00:00:00+00:00,271.35,272.7,265.7,267.95,17754204,271.35
2018-10-05 00:00:00+00:00,258.35,271,256,271,36628643,258.35
2018-10-08 00:00:00+00:00,265.75,268.5,258.35,259.75,21100804,265.75
2018-10-09 00:00:00+00:00,262.95,268.15,260,268,16010883,262.95
2018-10-10 00:00:00+00:00,278.65,280.45,261.2,261.6,31772330,278.65
2018-10-11 00:00:00+00:00,262.15,271.5,260.6,268,46291120,262.15
2018-10-12 00:00:00+00:00,263.75,267.9,261.5,266,42967696,263.75
2018-10-15 00:00:00+00:00,263.2,265.7,261.1,264.4,21965859,263.2
2018-10-16 00:00:00+00:00,270.3,270.85,263.35,264.6,33597068,270.3
2018-10-17 00:00:00+00:00,261.149,275,260,273.75,21631573,261.149
2018-10-18 00:00:00+00:00,261.149,261.149,261.149,261.149,0,261.149
2018-10-19 00:00:00+00:00,261.1,264.2,258.1,259.7,28474307,261.1
2018-10-22 00:00:00+00:00,260.35,266,259.45,266,19933462,260.35
2018-10-23 00:00:00+00:00,255.65,259,255,258,20206307,255.65
2018-10-24 00:00:00+00:00,255.7,261.8,252.8,260.25,25636533,255.7
2018-10-25 00:00:00+00:00,249.55,255,248.4,254.5,33066232,249.55
2018-10-26 00:00:00+00:00,248.1,252.5,247.4,252,20543437,248.1
2018-10-29 00:00:00+00:00,267.9,269.25,248.4,250,37768359,267.9
2018-10-30 00:00:00+00:00,273.15,279.1,266,267.5,33401683,273.15
2018-10-31 00:00:00+00:00,281.4,282.75,268.6,275,28137370,281.4
2018-11-01 00:00:00+00:00,285.9,289,278.85,283,29144808,285.9
2018-11-02 00:00:00+00:00,285.35,292.8,283.2,287.9,27760214,285.35
2018-11-05 00:00:00+00:00,294.95,300,283.5,286.45,44619891,294.95
2018-11-06 00:00:00+00:00,286.45,298.3,283.9,296.1,40688243,286.45
2018-11-07 00:00:00+00:00,286.55,288.9,285.95,288.9,3312160,286.55
2018-11-08 00:00:00+00:00,286.55,286.55,286.55,286.55,0,286.55
2018-11-09 00:00:00+00:00,283.25,287.5,282.45,287,19201007,283.25
2018-11-12 00:00:00+00:00,277.95,283.7,276.85,283.7,24044907,277.95
2018-11-13 00:00:00+00:00,278.05,279.7,273.35,276.3,25633628,278.05
2018-11-14 00:00:00+00:00,283.6,287.7,278,280.4,52674807,283.6
2018-11-15 00:00:00+00:00,285.4,287.05,281.15,283.85,18445463,285.4
2018-11-16 00:00:00+00:00,290.9,291.8,282.6,285.9,24805910,290.9
2018-11-19 00:00:00+00:00,288.15,293.5,286.05,293.5,13799970,288.15
2018-11-20 00:00:00+00:00,283.45,288.55,282.5,285.9,12900924,283.45
2018-11-21 00:00:00+00:00,287.05,289.55,283.05,283.45,16167419,287.05
2018-11-22 00:00:00+00:00,282.7,287.05,281.6,285.95,12066797,282.7
2018-11-23 00:00:00+00:00,282.7,282.7,282.7,282.7,0,282.7
2018-11-26 00:00:00+00:00,286.4,287.25,279.6,284.1,16846820,286.4
2018-11-27 00:00:00+00:00,289.4,290.5,284.05,284.6,21242956,289.4
2018-11-28 00:00:00+00:00,284.55,292.45,283,289.4,19837609,284.55
2018-11-29 00:00:00+00:00,286.4,289.65,284.25,289.3,27919104,286.4
2018-11-30 00:00:00+00:00,284.65,290.9,283.2,288.8,17583510,284.65
2018-12-03 00:00:00+00:00,286.8,287.9,283.25,286.7,15772176,286.8
2018-12-04 00:00:00+00:00,282.55,287.95,281.9,287.95,11897307,282.55
2018-12-05 00:00:00+00:00,280.15,283.2,277.05,282.45,14893748,280.15
2018-12-06 00:00:00+00:00,275.65,279.25,275.1,278,11083451,275.65
2018-12-07 00:00:00+00:00,275.4,277.35,272.1,277,10165275,275.4
2018-12-10 00:00:00+00:00,274.2,276.4,270.15,271,11947887,274.2
2018-12-11 00:00:00+00:00,281.25,283.25,268.35,268.35,30927239,281.25
2018-12-12 00:00:00+00:00,285.25,285.85,282.2,283.75,21765939,285.25
2018-12-13 00:00:00+00:00,289,294,285.75,290,24097152,289
2018-12-14 00:00:00+00:00,289.2,290.8,287.05,288.5,12156361,289.2
2018-12-17 00:00:00+00:00,289.5,291.45,287.3,289.3,12728014,289.5
2018-12-18 00:00:00+00:00,292.75,294,287,287.85,13606582,292.75
2018-12-19 00:00:00+00:00,300.7,302,294.7,294.7,26124125,300.7
2018-12-20 00:00:00+00:00,294.05,301.65,293.15,298.35,19222232,294.05
2018-12-21 00:00:00+00:00,291.9,296.5,290.8,293.65,15777301,291.9
2018-12-24 00:00:00+00:00,293.05,295,290.15,293.5,12048877,293.05
2018-12-25 00:00:00+00:00,293.05,293.05,293.05,293.05,0,293.05
2018-12-26 00:00:00+00:00,294.15,295,287.15,292.85,12684324,294.15
2018-12-27 00:00:00+00:00,292.15,297.6,291.5,296.7,15304564,292.15
2018-12-28 00:00:00+00:00,294.8,297.1,293.55,293.6,12876558,294.8
